location,경도,위도
청구역,37.560207,127.013902
신금호,37.554423,127.0209
행당,37.557412,127.029658
약수역,37.554411,127.010981
상왕십리,37.564374,127.029481
